Year,Annual Profit,Cumulative Profit
1,6501.464,6501.464
2,6696.50792,13197.97192
3,6897.4031576,20095.3750776
4,7104.325252328,27199.700329928
5,7317.455009897841,34517.15533982584
