Year,Annual Profit,Cumulative Profit
1,8570.952000000001,8570.952000000001
2,8828.08056,17399.03256
3,9092.9229768,26491.9555368
4,9365.710666104002,35857.666202904
5,9646.681986087122,45504.34818899112
